<?xml version="1.0" encoding="UTF-8"?>
<resourceDescriptor critical="false"
                    date="2020-07-30-18:01"
                    description="DocGen, MMS syncing, and common profiles"
                    id="91110"
                    mdVersionMax="higher"
                    mdVersionMin="18.4"
                    name="Model Development Kit"
                    product="JPL Model Development Kit"
                    type="Plugin">
    <version human="4.2.0-SNAPSHOT" resource="1596146491" internal="1596146491"/>
    <provider name="NASA / Jet Propulsion Laboratory / Caltech"/>
    <edition>Reader</edition>
    <edition>Community</edition>
    <edition>Standard</edition>
    <edition>Professional Java</edition>
    <edition>Professional C++</edition>
    <edition>Professional C#</edition>
    <edition>Professional ArcStyler</edition>
    <edition>Professional EFFS ArcStyler</edition>
    <edition>OptimalJ</edition>
    <edition>Professional</edition>
    <edition>Architect</edition>
    <edition>Enterprise</edition>
    <installation>
        <!-- START AUTO-GENERATED -->

		<file from="bin/cli/automatedcommitter.sh" to="bin/cli/automatedcommitter.sh"/>
		<file from="bin/cli/automatedviewgenerator.sh" to="bin/cli/automatedviewgenerator.sh"/>
		<file from="data/defaults/data/diagrams/DocGen 3 Diagram/descriptor.xml" to="data/defaults/data/diagrams/DocGen 3 Diagram/descriptor.xml"/>
		<file from="data/defaults/data/diagrams/DocGen 3 View Diagram/descriptor.xml" to="data/defaults/data/diagrams/DocGen 3 View Diagram/descriptor.xml"/>
		<file from="data/defaults/data/diagrams/Module Management/descriptor.xml" to="data/defaults/data/diagrams/Module Management/descriptor.xml"/>
		<file from="data/defaults/data/diagrams/View Class Diagram/descriptor.xml" to="data/defaults/data/diagrams/View Class Diagram/descriptor.xml"/>
		<file from="data/defaults/data/diagrams/View Diagram/descriptor.xml" to="data/defaults/data/diagrams/View Diagram/descriptor.xml"/>
		<file from="data/defaults/data/diagrams/Viewpoint Method Diagram/descriptor.xml" to="data/defaults/data/diagrams/Viewpoint Method Diagram/descriptor.xml"/>
		<file from="data/resourcemanager/MDR_Plugin_Model_Development_Kit_91110_descriptor.xml" to="data/resourcemanager/MDR_Plugin_Model_Development_Kit_91110_descriptor.xml"/>
		<file from="DocGenUserScripts/examples/HelloWorldParagraph.py" to="DocGenUserScripts/examples/HelloWorldParagraph.py"/>
		<file from="DocGenUserScripts/FrameworkValidation/CreateCustomizationsForStereotypes.py" to="DocGenUserScripts/FrameworkValidation/CreateCustomizationsForStereotypes.py"/>
		<file from="DocGenUserScripts/FrameworkValidation/DeprecateStereotypes.py" to="DocGenUserScripts/FrameworkValidation/DeprecateStereotypes.py"/>
		<file from="DocGenUserScripts/FrameworkValidation/Profile.py" to="DocGenUserScripts/FrameworkValidation/Profile.py"/>
		<file from="DocGenUserScripts/FrameworkValidation/ProfileValidation.py" to="DocGenUserScripts/FrameworkValidation/ProfileValidation.py"/>
		<file from="manual/MDK DocGen UserGuide.pdf" to="manual/MDK DocGen UserGuide.pdf"/>
		<file from="manual/MDK Systems Reasoner UserGuide.pdf" to="manual/MDK Systems Reasoner UserGuide.pdf"/>
		<file from="manual/MDK UserGuide.pdf" to="manual/MDK UserGuide.pdf"/>
		<file from="plugins/gov.nasa.jpl.cae.magicdraw.mdk/activemq-all-5.9.1.jar" to="plugins/gov.nasa.jpl.cae.magicdraw.mdk/activemq-all-5.9.1.jar"/>
		<file from="plugins/gov.nasa.jpl.cae.magicdraw.mdk/btf-1.2.jar" to="plugins/gov.nasa.jpl.cae.magicdraw.mdk/btf-1.2.jar"/>
		<file from="plugins/gov.nasa.jpl.cae.magicdraw.mdk/commons-cli-1.2.jar" to="plugins/gov.nasa.jpl.cae.magicdraw.mdk/commons-cli-1.2.jar"/>
		<file from="plugins/gov.nasa.jpl.cae.magicdraw.mdk/commons-codec-1.9.jar" to="plugins/gov.nasa.jpl.cae.magicdraw.mdk/commons-codec-1.9.jar"/>
		<file from="plugins/gov.nasa.jpl.cae.magicdraw.mdk/commons-io-1.3.2.jar" to="plugins/gov.nasa.jpl.cae.magicdraw.mdk/commons-io-1.3.2.jar"/>
		<file from="plugins/gov.nasa.jpl.cae.magicdraw.mdk/commons-logging-1.2.jar" to="plugins/gov.nasa.jpl.cae.magicdraw.mdk/commons-logging-1.2.jar"/>
		<file from="plugins/gov.nasa.jpl.cae.magicdraw.mdk/guava-16.0.1.jar" to="plugins/gov.nasa.jpl.cae.magicdraw.mdk/guava-16.0.1.jar"/>
		<file from="plugins/gov.nasa.jpl.cae.magicdraw.mdk/httpclient-4.5.2.jar" to="plugins/gov.nasa.jpl.cae.magicdraw.mdk/httpclient-4.5.2.jar"/>
		<file from="plugins/gov.nasa.jpl.cae.magicdraw.mdk/httpcore-4.4.4.jar" to="plugins/gov.nasa.jpl.cae.magicdraw.mdk/httpcore-4.4.4.jar"/>
		<file from="plugins/gov.nasa.jpl.cae.magicdraw.mdk/httpmime-4.5.2.jar" to="plugins/gov.nasa.jpl.cae.magicdraw.mdk/httpmime-4.5.2.jar"/>
		<file from="plugins/gov.nasa.jpl.cae.magicdraw.mdk/jackson-annotations-2.8.0.jar" to="plugins/gov.nasa.jpl.cae.magicdraw.mdk/jackson-annotations-2.8.0.jar"/>
		<file from="plugins/gov.nasa.jpl.cae.magicdraw.mdk/jackson-core-2.8.3.jar" to="plugins/gov.nasa.jpl.cae.magicdraw.mdk/jackson-core-2.8.3.jar"/>
		<file from="plugins/gov.nasa.jpl.cae.magicdraw.mdk/jackson-coreutils-1.6.jar" to="plugins/gov.nasa.jpl.cae.magicdraw.mdk/jackson-coreutils-1.6.jar"/>
		<file from="plugins/gov.nasa.jpl.cae.magicdraw.mdk/jackson-databind-2.8.3.jar" to="plugins/gov.nasa.jpl.cae.magicdraw.mdk/jackson-databind-2.8.3.jar"/>
		<file from="plugins/gov.nasa.jpl.cae.magicdraw.mdk/javadoc/mdk-4.2.0-SNAPSHOT-javadoc.zip" to="plugins/gov.nasa.jpl.cae.magicdraw.mdk/javadoc/mdk-4.2.0-SNAPSHOT-javadoc.zip"/>
		<file from="plugins/gov.nasa.jpl.cae.magicdraw.mdk/jcommander-1.72.jar" to="plugins/gov.nasa.jpl.cae.magicdraw.mdk/jcommander-1.72.jar"/>
		<file from="plugins/gov.nasa.jpl.cae.magicdraw.mdk/jgrapht-0.8.3.jar" to="plugins/gov.nasa.jpl.cae.magicdraw.mdk/jgrapht-0.8.3.jar"/>
		<file from="plugins/gov.nasa.jpl.cae.magicdraw.mdk/json-patch-1.13.jar" to="plugins/gov.nasa.jpl.cae.magicdraw.mdk/json-patch-1.13.jar"/>
		<file from="plugins/gov.nasa.jpl.cae.magicdraw.mdk/json-simple-1.1.jar" to="plugins/gov.nasa.jpl.cae.magicdraw.mdk/json-simple-1.1.jar"/>
		<file from="plugins/gov.nasa.jpl.cae.magicdraw.mdk/jsoup-1.6.1.jar" to="plugins/gov.nasa.jpl.cae.magicdraw.mdk/jsoup-1.6.1.jar"/>
		<file from="plugins/gov.nasa.jpl.cae.magicdraw.mdk/jsr305-2.0.1.jar" to="plugins/gov.nasa.jpl.cae.magicdraw.mdk/jsr305-2.0.1.jar"/>
		<file from="plugins/gov.nasa.jpl.cae.magicdraw.mdk/log4j-1.2.17.jar" to="plugins/gov.nasa.jpl.cae.magicdraw.mdk/log4j-1.2.17.jar"/>
		<file from="plugins/gov.nasa.jpl.cae.magicdraw.mdk/lpg.runtime.java_2.0.17.v201004271640.jar" to="plugins/gov.nasa.jpl.cae.magicdraw.mdk/lpg.runtime.java_2.0.17.v201004271640.jar"/>
		<file from="plugins/gov.nasa.jpl.cae.magicdraw.mdk/mdk-4.2.0-SNAPSHOT.jar" to="plugins/gov.nasa.jpl.cae.magicdraw.mdk/mdk-4.2.0-SNAPSHOT.jar"/>
		<file from="plugins/gov.nasa.jpl.cae.magicdraw.mdk/mms-java-client-3.4.2.jar" to="plugins/gov.nasa.jpl.cae.magicdraw.mdk/mms-java-client-3.4.2.jar"/>
		<file from="plugins/gov.nasa.jpl.cae.magicdraw.mdk/msg-simple-1.1.jar" to="plugins/gov.nasa.jpl.cae.magicdraw.mdk/msg-simple-1.1.jar"/>
		<file from="plugins/gov.nasa.jpl.cae.magicdraw.mdk/opencsv-2.3.jar" to="plugins/gov.nasa.jpl.cae.magicdraw.mdk/opencsv-2.3.jar"/>
		<file from="plugins/gov.nasa.jpl.cae.magicdraw.mdk/org.eclipse.ocl.common.ui_1.3.100.v20160613-1351.jar" to="plugins/gov.nasa.jpl.cae.magicdraw.mdk/org.eclipse.ocl.common.ui_1.3.100.v20160613-1351.jar"/>
		<file from="plugins/gov.nasa.jpl.cae.magicdraw.mdk/org.eclipse.ocl.common_1.4.100.v20160613-1351.jar" to="plugins/gov.nasa.jpl.cae.magicdraw.mdk/org.eclipse.ocl.common_1.4.100.v20160613-1351.jar"/>
		<file from="plugins/gov.nasa.jpl.cae.magicdraw.mdk/org.eclipse.ocl.ecore_3.6.100.v20160613-1351.jar" to="plugins/gov.nasa.jpl.cae.magicdraw.mdk/org.eclipse.ocl.ecore_3.6.100.v20160613-1351.jar"/>
		<file from="plugins/gov.nasa.jpl.cae.magicdraw.mdk/org.eclipse.ocl_3.6.100.v20160613-1351.jar" to="plugins/gov.nasa.jpl.cae.magicdraw.mdk/org.eclipse.ocl_3.6.100.v20160613-1351.jar"/>
		<file from="plugins/gov.nasa.jpl.cae.magicdraw.mdk/plugin.xml" to="plugins/gov.nasa.jpl.cae.magicdraw.mdk/plugin.xml"/>
		<file from="plugins/gov.nasa.jpl.cae.magicdraw.mdk/slf4j-api-1.7.2.jar" to="plugins/gov.nasa.jpl.cae.magicdraw.mdk/slf4j-api-1.7.2.jar"/>
		<file from="plugins/gov.nasa.jpl.cae.magicdraw.mdk/slf4j-log4j12-1.7.2.jar" to="plugins/gov.nasa.jpl.cae.magicdraw.mdk/slf4j-log4j12-1.7.2.jar"/>
		<file from="plugins/gov.nasa.jpl.cae.magicdraw.mdk/swingx-all-1.6.4.jar" to="plugins/gov.nasa.jpl.cae.magicdraw.mdk/swingx-all-1.6.4.jar"/>
		<file from="profiles/SysML Extensions.mdxml" to="profiles/SysML Extensions.mdxml"/>
		<file from="samples/MDK/DocGen.mdzip" to="samples/MDK/DocGen.mdzip"/>

        <!-- END AUTO-GENERATED -->
    </installation>
</resourceDescriptor>
